receiver,amount,token_type,token_address,id
0xd9395aeE9141a3Efeb6d16057c8f67fBE296734c,0.00000000001,native,,
0xd9395aeE9141a3Efeb6d16057c8f67fBE296734c,0.00000000001,native,,
0xd9395aeE9141a3Efeb6d16057c8f67fBE296734c,0.00000000001,native,,
0xd9395aeE9141a3Efeb6d16057c8f67fBE296734c,0.00000000001,native,,
0xd9395aeE9141a3Efeb6d16057c8f67fBE296734c,0.00000000001,native,,
0xd9395aeE9141a3Efeb6d16057c8f67fBE296734c,0.00000000001,native,,
0xd9395aeE9141a3Efeb6d16057c8f67fBE296734c,0.00000000001,native,,
0xd9395aeE9141a3Efeb6d16057c8f67fBE296734c,0.00000000001,native,,
0xd9395aeE9141a3Efeb6d16057c8f67fBE296734c,0.00000000001,native,,
0xd9395aeE9141a3Efeb6d16057c8f67fBE296734c,0.00000000001,native,,
0xd9395aeE9141a3Efeb6d16057c8f67fBE296734c,0.00000000001,native,,
0xd9395aeE9141a3Efeb6d16057c8f67fBE296734c,0.00000000001,native,,
0xd9395aeE9141a3Efeb6d16057c8f67fBE296734c,0.00000000001,native,,
0xd9395aeE9141a3Efeb6d16057c8f67fBE296734c,0.00000000001,native,,
0xd9395aeE9141a3Efeb6d16057c8f67fBE296734c,0.00000000001,native,,
0xd9395aeE9141a3Efeb6d16057c8f67fBE296734c,0.00000000001,native,,
0xd9395aeE9141a3Efeb6d16057c8f67fBE296734c,0.00000000001,native,,
0xd9395aeE9141a3Efeb6d16057c8f67fBE296734c,0.00000000001,native,,
0xd9395aeE9141a3Efeb6d16057c8f67fBE296734c,0.00000000001,native,,
0xd9395aeE9141a3Efeb6d16057c8f67fBE296734c,0.00000000001,native,,
0xd9395aeE9141a3Efeb6d16057c8f67fBE296734c,0.00000000001,native,,
0xd9395aeE9141a3Efeb6d16057c8f67fBE296734c,0.00000000001,native,,
0xd9395aeE9141a3Efeb6d16057c8f67fBE296734c,0.00000000001,native,,
0xd9395aeE9141a3Efeb6d16057c8f67fBE296734c,0.00000000001,native,,
0xd9395aeE9141a3Efeb6d16057c8f67fBE296734c,0.00000000001,native,,
0xd9395aeE9141a3Efeb6d16057c8f67fBE296734c,0.00000000001,native,,
0xd9395aeE9141a3Efeb6d16057c8f67fBE296734c,0.00000000001,native,,
0xd9395aeE9141a3Efeb6d16057c8f67fBE296734c,0.00000000001,native,,
0xd9395aeE9141a3Efeb6d16057c8f67fBE296734c,0.00000000001,native,,
0xd9395aeE9141a3Efeb6d16057c8f67fBE296734c,0.00000000001,native,,
0xd9395aeE9141a3Efeb6d16057c8f67fBE296734c,0.00000000001,native,,